<?xml version="1.0" encoding="UTF-8"?>
<root>
  <item name="android.app.blob.BlobStoreManager android.app.blob.BlobStoreManager.Session openSession(long) 0">
    <annotation name="androidx.annotation.IntRange">
      <val name="from" val="1" />
    </annotation>
  </item>
  <item name="android.app.blob.BlobStoreManager long createSession(android.app.blob.BlobHandle)">
    <annotation name="androidx.annotation.IntRange">
      <val name="from" val="1" />
    </annotation>
  </item>
  <item name="android.app.blob.BlobStoreManager void abandonSession(long) 0">
    <annotation name="androidx.annotation.IntRange">
      <val name="from" val="1" />
    </annotation>
  </item>
  <item name="android.app.blob.BlobStoreManager void acquireLease(android.app.blob.BlobHandle, int) 1">
    <annotation name="androidx.annotation.IdRes"/>
  </item>
  <item name="android.app.blob.BlobStoreManager void acquireLease(android.app.blob.BlobHandle, int, long) 1">
    <annotation name="androidx.annotation.IdRes"/>
  </item>
</root>

